<?xml version="1.0" encoding="UTF-8"?>
<project-private xmlns="http://www.netbeans.org/ns/project-private/1">
    <editor-bookmarks xmlns="http://www.netbeans.org/ns/editor-bookmarks/2" lastBookmarkId="0"/>
    <open-files xmlns="http://www.netbeans.org/ns/projectui-open-files/2">
        <group>
            <file>file:/D:/education/Projects/Ecommerce%20Website/include/footer.php</file>
            <file>file:/D:/education/Projects/Ecommerce%20Website/include/header.php</file>
            <file>file:/D:/education/Projects/Ecommerce%20Website/css/bootstrap-theme.css</file>
            <file>file:/D:/education/Projects/Ecommerce%20Website/css/bootstrap-theme.min.css</file>
            <file>file:/D:/education/Projects/Ecommerce%20Website/index.php</file>
            <file>file:/D:/education/Projects/Ecommerce%20Website/stylesheet.css</file>
        </group>
    </open-files>
</project-private>
